,accuracy,clf_name,n_split,std,vocab_size
0,0.003792476939663779,freq_table_chisq,10.0,0.0034037070326483772,100.0
1,0.006322125943377391,freq_table_cosine,10.0,0.00399737488200072,100.0
