,accuracy,clf_name,n_split,std,vocab_size
0,0.2682763819095477,freq_table_chisq,10.0,0.021339550244469693,250.0
