,accuracy,clf_name,n_split,std,vocab_size
0,0.0034750229605079266,freq_table_chisq,10.0,0.004105178021686147,100.0
1,0.006325120792237353,freq_table_cosine,10.0,0.0034666076644884686,100.0
