,accuracy,clf_name,n_split,std,vocab_size
0,0.7658039215686274,freq_table_chisq,10.0,0.03806540436684847,250.0
1,0.8391764705882354,freq_table_chisq,10.0,0.0331911384624523,1000.0
2,0.8690588235294119,freq_table_chisq,10.0,0.05544589099422086,3000.0
3,0.8274901960784314,freq_table_HC,10.0,0.045076363077183275,250.0
4,0.8828627450980392,freq_table_HC,10.0,0.042206737483081826,1000.0
5,0.9066274509803922,freq_table_HC,10.0,0.0379527823359954,3000.0
