,clf_name,vocab_size,accuracy,std,n_split
0,freq_table_HC,250.0,0.8352549019607844,0.037083796959376476,10.0
