,accuracy,clf_name,n_split,std,vocab_size
0,0.5034877595821206,freq_table_cosine,10.0,0.01259737778133115,250.0
1,0.5238635472711414,freq_table_cosine,10.0,0.02089910169706946,1000.0
2,0.5422420594086576,freq_table_cosine,10.0,0.011465144825107543,3000.0
3,0.675010902694068,NeuralNet,10.0,0.025218127713245844,250.0
4,0.6949367398739696,NeuralNet,10.0,0.05223649797228754,1000.0
5,0.7204078832603221,NeuralNet,10.0,0.055271882379772555,3000.0
