,accuracy,clf_name,n_split,std,vocab_size
0,0.6010769230769231,freq_table_cosine,20.0,0.10692042055361055,250.0
1,0.6106923076923076,freq_table_cosine,20.0,0.10854549396614781,1000.0
2,0.6267692307692307,freq_table_cosine,20.0,0.07758087972824415,3000.0
