,clf_name,vocab_size,accuracy,std,n_split
0,freq_table_HC,250.0,0.6115837104072399,0.10588235294117648,2.0
